INSERT INTO department VALUES('000001','内科','NK');
INSERT INTO department VALUES('000002','外科','WK');
INSERT INTO department VALUES('000003','妇产科','FCK');
INSERT INTO department VALUES('000004','皮肤科','PFK');
INSERT INTO department VALUES('000005','精神科','JSK');
INSERT INTO department VALUES('000006','传染科','CRK');

INSERT INTO doctor VALUES('000001','000001','扁鹊','BQ','bian001',TRUE,NULL);
INSERT INTO doctor VALUES('000002','000002','华佗','HT','hua002',TRUE,NULL);
INSERT INTO doctor VALUES('000003','000003','薛生白','XSB','xue003',FALSE,NULL);
INSERT INTO doctor VALUES('000004','000004','宋慈','SC','song004',FALSE,NULL);
INSERT INTO doctor VALUES('000005','000005','李时珍','LSZ','li005',TRUE,NULL);
INSERT INTO doctor VALUES('000006','000006','葛洪','GH','ge006',FALSE,NULL);

INSERT INTO patient VALUES('000001','刘一','111111',1100.00,NULL);
INSERT INTO patient VALUES('000002','陈二','222222',0,NULL);
INSERT INTO patient VALUES('000003','张三','333333',1300.00,NULL);
INSERT INTO patient VALUES('000004','李四','444444',0,NULL);
INSERT INTO patient VALUES('000005','王五','555555',1500.00,NULL);
INSERT INTO patient VALUES('000006','赵六','666666',0,NULL);
INSERT INTO patient VALUES('000007','孙七','777777',1700.00,NULL);
INSERT INTO patient VALUES('000008','周八','888888',0,NULL);
INSERT INTO patient VALUES('000009','吴九','999999',1900.00,NULL);
INSERT INTO patient VALUES('000010','郑十','101010',0,NULL);

INSERT INTO register_category VALUES('000001','内科普通','NKPT','000001',FALSE,30,4.50);
INSERT INTO register_category VALUES('000002','内科正高','NKZG','000001',TRUE,3,9.50);
INSERT INTO register_category VALUES('000003','外科普通','WKPT','000002',FALSE,30,4.50);
INSERT INTO register_category VALUES('000004','外科正高','WKZG','000002',TRUE,3,9.50);
INSERT INTO register_category VALUES('000005','妇产科普通','FCPT','000003',FALSE,30,4.50);
INSERT INTO register_category VALUES('000006','皮肤科普通','PFPT','000004',FALSE,30,4.50);
INSERT INTO register_category VALUES('000007','精神科普通','JSPT','000005',FALSE,30,4.50);
INSERT INTO register_category VALUES('000008','精神科正高','JSZG','000005',TRUE,3,9.50);
INSERT INTO register_category VALUES('000009','传染科普通','CRPT','000006',FALSE,30,4.50);
